idvendedor,cepvendedor
ffff564a4f9085cd26170f4732393726,13070
fffd5413c0700ac820c7069d66d98c89,13908
ffeee66ac5d5a62fe688b9d26f83f534,15130
ffdd9f82b9a447f6f8d4b91554cc7dd3,80030
ffcfefa19b08742c5d315f2791395ee5,80045
ffc470761de7d0232558ba5e786e57b7,7091
ffad1e7127fb622cb64a900751590acd,13465
ffa6adafb71b807dc13159e26431354c,86030
ff82e8873fba613f2261a9acc896fd84,35900
ff69aa92bb6b1bf9b8b7a51c2ed9cf8b,8140
ff4ea69c2a729e83e63c7579e4ef8170,7071
ff4e2d38692ce827b1a4f4b8196e680d,3319
ff314fa6033cc68ec451c47aee2d6ba4,5424
ff1fb4c404b2efe68b03350a8dc24122,8710
ff1e15b778c700abdd4d239b81ac466d,81260
ff063b022a9a0aab91bad2c9088760b7,9171
fedf2c1386e137f296b3bbf3b635e69d,3410
fedaedd3ca31d56ab33e92035e4b361c,24310
fec8cd45395b3cb0c2b173d7739706a1,12270
fec6912baad85d41729669edd6b4d3b8,14110
fec6275253471ace26d209bbaa64cd0f,28605
febab0275244b9a49a623f0bd613ca2f,13920
feb793c88d836c3a75efa4b5a3465d70,3165
fe9d9cf8631285d5982c6e2cf27fb114,36200
fe87f472055fbcf1d7e691c00b1560dc,13085
fe8055980a4ff7f64ed889c2b5926929,81925
fe701d88b67eaca109dffd464d1be9f9,24900
fe4cd9461203cee790d36792420b310f,35300
fe49ee029e61e789a1f3a5525f57ba8d,6018
fe26f3ecb51a15e6d8335cd92da42562,4365
fe2032dab1a61af8794248c8196565c9,13030
fe1bbc5feda5c8979a8a1b3b2512d5a6,38680
fe1b067411b8c5066e962aa146ccee03,19020
fe19dce63ae80346207c6c55713d1023,38010
fdf736c18c589ed030e058312203e1b2,37704
fde0cc9ea29c8ccfc0a2c22256a58c71,81650
fdb9095204a334cd8872252ffec6f2db,3331
fdaaf5bfda82b7b80535610c831b8d09,15015
fd435faa3c0422b60440ea3480d0e77c,58073
fd386aa7bed2af3c7035c65506c9b4a3,4208
fd312b6bf05efac6c3772d5b52205d8a,18111
fcf16b7a8697e559f0123190bb30177d,3679
fce62094ffe6a4009188ec44e681dfdd,4674
fcdd820084f17e9982427971e4e9d47f,14075
fcba71d4d5db057f43249145e4eb1e27,13481
fcb5ace8bcc92f75707dc0f01a27d269,7032
fc99f99385ae90f66f01733856fb88c9,18550
fc908879b9ca1bd65419e54e50432d38,4558
fc906263ca5083d09dce42fe02247800,31030
fc6295add6f51a0936407ead70c1001d,4101
fc5a0d7a310a7a41abf86a458585ff2b,3655
fc59392d66ef99377e50356ee4f3b4e1,40243
fc4751cfe3b279c419615b9b00c1abb4,86047
fc38b5dceee1a730fad8853453437fbd,13073
fc0b214b59a83615fea981c6424a02ae,9380
fbc14c0cf93505ef89f64665ffa4a7b5,14150
fb89df7f89fd1b8f03fa2acca1ba7364,85853
fb8904a8ea99f8831b64ce27db2c1765,9550
fb503a924a0b9db19d83dd0ac6dbef8c,96020
fb3cfbc8a86f5d7fbb4d36b8df63f60d,21825
fadb07c842a2aef5d5a676b85f220e71,15052
fad44952713764836814be105382aee5,21340
fac35d150712afb921ec59ac5f39bb11,38650
fac1a9017ade7bdc94058fc1c969f355,1126
fa8d335d68129e464e60c1826a683e96,95660
fa7ad8ae9bcb2c4493fdf38e96b1d74f,13920
fa74b2f3287d296e9fbd2cc80f2d1cf1,19023
fa5fdc4e4bb6bd1009ad0e4ac4096562,9111
fa40cc5b934574b62717c68f3d678b6d,2310
fa3a0b5aabb344b9a92e3524b0202123,83020
fa1c13f2614d7b5c4749cbc52fecda94,13170
fa1a9dec3a9940c072684a46728bf1fc,88820
fa18c782a4866d313cadab567097f8f1,31535
fa14641f57b655e933124a9ea49cd7a5,1310
f9f68daa2af419d38f745478bcb3da1a,13180
f9eedec3129e8cc6b6429c42d0808c5b,22793
f9eda05b67bef472deaddbba84aca289,88870
f9ec7093df3a7b346b7bcf7864069ca3,5138
f9d010e39375d9c91dce3f40b73a2f84,12600
f9bbdd976532d50b7816d285a22bd01e,5319
f9a02f1922d1de564392e656d82b3fda,8502
f9903dd0f812c7e771fcad47b6fff231,89070
f97e2b0650c2068227e1d366140eb62f,13830
f92d8c817434bd2d84d4e9c61322b7fa,18048
f9244d45189d3a3605499abddeade7d5,3029
f918546be4bec7104d117789ba758b2b,5634
f90f77ef2799a27f80d90c425ca944f7,86020
f8f35af4634605e6693c17cc3ffff5a8,37400
f8e2c1b59cd4225a3e4fd0d013a76b93,14021
f8db351d8c4c4c22c6835c19a46f01b0,13324
f8d5c7085db9a4ad2b8c1ffbeb2798c8,4104
f88adb15807168d3c43d71021090ce4a,13660
f84fa566034f5e8e880a07ec624c56af,13330
f84a00e60c73a49e7e851c9bdca3a5bb,20756
f8201cab383e484733266d1906e2fdfa,88137
f80edd2c5aaa505cc4b0a3b219abf4b8,3431
f805b96fa705ba7995a221f1749dc141,87013
f7df46c1e0ec44eed5c6726478da4a17,93336
f7ccf836d21b2fb1de37564105216cc1,14940
f7c31656c19db6275a8acadca289f426,14940
f7ba60f8c3f99e7ee4042fdef03b70c4,9628
f789d2c4f2c2eb38fc4373e7a4b35264,36010
f783a638e9c6af4a7d0dbfde811e7a81,3063
f7720c4fa8e3aba4546301ab80ea1f1b,81350
f76a3b1349b6df1ee875d1f3fa4340f0,3275
f7496d659ca9fdaf323c0aae84176632,4156
f7315bb81aea4ddca2d39e249a801c98,7082
f682e0f848abafc6f41e0d4e868c66ef,7600
f680f85bee2d253556ac91be391d2c82,6365
f67efa3f0b6761102a7f8c6b7b571f5d,82300
f664f98bfda2eaf266a23ff144e7a872,4001
f650a9708fa1bab22bdd8d3a818cc415,88901
f63d8f293af3a6454377546bd9dd19ff,18110
f62d7bb4a613ec758a03342d46b580b2,36570
f626e15b7314c267e4429010866f70e9,85960
f61c63d13f7cd800549d5acdd390ae72,18185
f615fe7efbef0f4f08fd3086bc7a3e60,12940
f6122bc84774df1b372bdb3bb88ddb9f,6436
f5fea3ffed6c2e889bab72705557c63a,21240
f5f46307a4d15880ca14fab4ad9dfc9b,89165
f5f2ab9bdb6b30c14c61be68c5ed37da,13660
f5f1f2c5f923f36ad79ea1d07185ddc9,19820
f5b84683a9bf9e1df748cf40f601b39c,1127
f5b44895715ddfe3087dc414f30268f3,18017
f5a590cf36251cf1162ea35bef76fe84,9720
f593898ec748b7a8cb81fc04edafd98a,13920
f543ba3c973276f519d89d59bd46cead,15030
f5403d3f50089112c4eed37928b7f622,15600
f52c2422904463fdd7741f99045fecb6,9230
f524ad65d7e0f1daab730ef2d2e86196,99300
f4db9b37944bcb8873e6b456ee190bbf,8599
f4ce8ca9fa7157e3b33f536ac9a4487d,16306
f4c4daa86e30c7e5a553a8d518ac03a5,85801
f4aba7c0bca51484c30ab7bdc34bcdd1,1031
f4a04f7be452aa3bb31760bf00055dd0,9010
f46490624488d3ff7ce78613913a7711,7194
f457c46070d02cadd8a68551231220dd,87047
f45122a9ab94eb4f3f8953578bc0c560,13419
f44bdc12aa39f5271f0b95f66cd4c289,12914
f44b6f775a2b390380e0e30b5c9d3eee,3057
f43827dd686be3a4a80e00aa299990fb,15055
f435898e493ba0356019a0b1cb8b55b1,81720
f41ce2e25237f9092cd8e6e7516c7a2f,7013
f419677537694f0462a91990df6ca44f,9750
f410c8873029fcc3809b9df6d0b28914,95076
f3da5b2ff499efb8d4a6d371d175d7dd,2407
f3c38ab652836d21de61fb8314b69182,1206
f3b80352b986ab4d1057a4b724be19d0,71200
f3975e8a41157005d4bcbb358678cd9b,89870
f3862c2188522d89860c38a3ea8b550d,14092
f35becee938e982bd615edf8ef12bcfb,19160
f35b3c613c4f7b2275f4185d0a3c59ec,5417
f356c348fbc8df6a882823e21f5ce8b7,92025
f3511c85f59f8dec53d140501ee8e7a8,80045
f3295428338a40977a03f555246a70f4,29032
f326006815956455b2859abd58fe7e39,15601
f307937c1bb287c3efc2a514b94b0d1d,38183
f3055483058c84d75ca2a3314fb4deef,40368
f3041c2e75ec683697a6a5ea82192210,35680
f27e33c6d29b5138fa9967bcd445b6d5,4273
f26d70155c2b6326fcfa1780c8c684e4,89150
f266295f49a28eee21f413e0cbb0521d,84020
f262cbc1c910c83959f849465454ddd3,3564
f25e239052084705e17a982bc600ab2a,1123
f235413f677777a0738ff215d0184901,17250
f2336e113377dd21c744d9c4fc8293a9,3659
f22a247b79dd22ecd91dc8e3b2a1b07c,8573
f214d28e8d8e3ef068748498ccc2f813,3872
f205b1a3ca9a34e0f8a228bae6e4c7b3,94965
f1fdf2d13186575751aa25876536d85c,5314
f1fd5ab1181f827ffad998c1a5de7d74,80010
f1ed6bd0a9b11b581f16c851c6a5a527,90240
f1ce5fdecd64935c28b9ff932751d0dc,6539
f1c1ac3f3efc07e659c035008e615e66,2119
f1b93673502375d491780bb49d615dbc,12228
f1b854361f4e15d5851b494df66f22b2,20020
f19516b9ff26bfeb091b30108db4ddbd,13160
f181738b150df1f37cb0bd72e705b193,6317
f18112da765e0971ca5d510dec322bdd,88351
f12ff17ad8bbf01ec5c33b17e506649b,3186
f12d3c2a14729ae461b920c11fe20fdc,9080
f125f3a310c2e5f822d116147de1e474,3068
f1198c871e0171278b63f40d112caeec,1220
f114dca2828bf718548db175ebe2cfcd,86192
f0ec78809fe0bc3edb11c9fe5b97b059,4291
f0ec6a2adb05c62655a26dd347b8dede,1303
f0e103c63864d5405b958d984b6e94c9,6150
f0b47fbbc6dee9aafe415a6e33051b3f,9360
f09e26011d833ddab11593c1a097a92a,13632
f09b760d23495ac9a7e00d29b769007c,15802
f08c008c8a8d31417763738a1788a2a8,85875
f08a5b9dd6767129688d001acafc21e5,90230
f0837c8d71434931d9e38e7b79234797,95995
f0563bacf40c311f1c4d3d6b67b8a7a7,88704
f049a72cf58fd31b11f8919cade515e7,1023
f021c962aaba8ef6eb527a9c2c8394d1,88301
f00f5b35d0abcacbdd863672f4bb2c1a,1238
f00e21b1e91a79653163b7fd8f293ff1,37795
efff9341f3f8f5237b44ff67ed36a7bf,29090
efcd8d2104f1a05d028af7bad20d974b,16012
efb628aa07c8ca93d7db0d85b91a4f5a,26230
ef9952469137ff190bacafe117f51537,38022
ef990a83bbea832f36ebe81376335aa8,89214
ef728fa1f17436c91ed1ccd03dcf9631,17201
ef506c96320abeedfb894c34db06f478,3569
ef30892870c278497523264be1be2241,14801
ef2fbc2b607d8492bcffe657a4645434,20051
ef0ace09169ac090589d85746e3e036f,24451
eed78ac17f7f795a19a709745f00cd4e,18608
eec3469d83e142f9a104886655338c37,17030
eebb3372362aa9a46975164bed19a7e7,4578
eeb6de78f79159600292e314a77cbd18,88501
ee2fbacc2fc3794e656cc4d933d59ce7,5061
ee27a8f15b1dded4d213a468ba4eb391,74210
edf96ef93ed595084bbcbd9224bd2894,1545
edf3fabebcc20f7463cc9c53da932ea8,8320
ede2977fbaf3738583170735ca403f6c,80010
ede0c03645598cdfc63ca8237acbe73d,14092
eddd1991bd6d9309995a480c39b95137,84010
edd066cd02126d7800f9b66e980e9931,70070
edc518ba25576a0188a0e8f2c3af186f,7023
edb65fe661681b1c0de8bd47c8655855,8111
edb58a1390adf273840030a3d6253829,13414
edb1ef5e36e0c8cd84eb3c9b003e486d,25957
ed9eef5be0992d413d251fadba1a410d,13845
ed8cb7b190ceb6067227478e48cf8dde,11015
ed859002ad59dbf8cf3602696a6c3000,86035
ed4acab38528488b65a9a9c603ff024a,8260
ed49da7cadefc454d6a67de249eab240,5571
ed46f1eb4a638113deb2a1137b5f22e9,89080
ed4311e67debd72b8610a5347a743087,7170
ececbfcff9804a2d6b40f589df8eef2b,14407
ecccfa2bb93b34a3bf033cc5d1dcdc69,81810
ec933281fb017b5020d06df29c3f77e8,3820
ec8879960bd2221d5c32f8e12f7da711,13253
ec8463980a4e0ea9f8517aea1ed0c419,88010
ec80e49e69745ab6c14f984bf2149423,13480
ec5c1d94df153d473b37f880977ae58e,21320
ec4608a1f76453166bb312b2968aeaf4,13660
ec2e006556300a79a5a91e4876ab3a56,3445
ec21206b7894c503788a684a7bc822a6,28950
ebef8d8c92b4fd3226e5d407bbff21ac,14020
ebe3dabc4955c9b0d695e7bda38bf5c3,14085
ebd2d60905fb58271facef5596b620d3,18683
ebd1417732defaf66c50b5a800eb293e,86047
eba88037e1dca898cd02881f67ced679,3647
eb9cd5b35d95206585e2185318cb5c61,3064
eb9267cccc90f1b49c8d2f9887c7dd97,52011
eb72802c83dc7547529c9546d1a9b8ef,13504
eb5b6204dde3a6e03b5f1bb8479f055b,6900
eb4df17aed01d918c65f0f8d650900c0,13140
eb4a59a06b3948e851a7d7a830bcbc42,41820
eb3071b9f0b0ddaa2df5ea130f09f26b,4281
eb1bf309f4f6af9a97e9ddac3fdbeabe,9961
eaf6d55068dea77334e8477d3878d89e,4660
eae9af4811c294c56795d70e715b7337,3060
ead2bab70821ea148476ae9bc08548ac,31980
eaaa46e98c9e61f6764dd1d7a2ab8b3e,59775
ea8482cd71df3c1969d7b9473ff13abc,4160
ea846a0e7ad98a741783e886d89dfa44,16072
ea6b12bf9ffe2bac34602ec631d97a47,7093
ea67327e24487bdfac5fbfa37ea124df,14940
ea65d8b58316a6f2362f2a9e4b3e86ad,13030
ea566164622c6b439516ab18062c42cd,5303
ea4e9ce63a2134743b4a92777437fcdd,88135
ea3ebea5317b0efbc663ecc8ce5e9bc2,88036
ea1776927851da2532aa70d6a32c095a,8223
ea00f977a203ff88adf7057cb7806998,11085
e9e446d01bd10a97a8ffcfc4a3a20cb2,2261
e9d99831abad74458942f21e16f33f92,3542
e9c6969d40e6a3d2d0f90013165c2b98,3448
e9c2dc0dd4ac38448289be644ac94f42,89210
e9bc59e7b60fc3063eb2290deda4cced,87083
e9b6c33b71b67737693b4cfa68341c8d,3009
e99e927c81e3f51739c94fcdfca9f10f,38400
e9874ae10b2d60d43917b6bbfa13a599,86604
e9779976487b77c6d4ac45f75ec7afe9,11701
e9729944ba65dc3ce425e0c5a22ae7b2,25730
e96498ed8daaa3e9c23f7a62da76591c,5373
e9511df20ccd82658a30c37b7fb343af,17026
e94b64dc6979b302a5a5be1662c83bb6,6852
e908c0f3646e8b60375734a350d95d71,1226
e8ff5a6ceb895583033fc2a0f314e3c2,89063
e8f6dc8e6a1dcde89d20e3995c8d90b3,3476
e8dba4d70f7f2b20e775d09cae01142d,13456
e8b4225284fbb02d16f200513f1f395d,14960
e8b3a3a38279a82f0e5d006d5e5b7d2c,87230
e8a85b5f3df47be0984c55fd4064dbb4,71825
e89c4adbe7b1d0819dbb636e16461cf1,13347
e88f7a2995ba184710d339c5c4bf2e30,15505
e88c9b79e592e370d6bd852eeefbf057,85501
e883aa812c37a7413226856f4579fe91,6696
e882b2a25a10b9c057cc49695f222c19,25963
e88165a185134e13fdfc85d4fa654db8,8517
e84ad2127668df3aafc6b73531a0beb8,4613
e83e93b71371817b11d78a63ff156aee,6409
e83c76265fc54bf41eac728805e4da77,16074
e82de6494d91d3c4c54450f59b227a94,14940
e81e1f9c3e762e620f3fb60a51499e16,89520
e819bcfade7b5d88a27325eb6cfd62c5,7242
e7f3bf1ecd8526eb7f3b18059e6716e5,11680
e7df4cd29ab5abab70fb0783ddb53987,4122
e7d5b006eb624f13074497221eb37807,9291
e76ecc7e9a1a1e3c6df9d2a8261c423d,30140
e73bf2cea7fe4b0b4d287a7568ed1099,89812
e732329483fd5f27367dd997b47f598a,89030
e72b4feb7abe210c52aa667abc25a3a2,3122
e70053bf73d1b5863932e53a9fa47496,5059
e6ffc9ac6a7adc9d16a1cfc2286dd546,2565
e6a69c4a27dfdd98ffe5aa757ad744bc,4424
e64ddbe1cbcf4f2fc3092b7c481f3f9d,3513
e64d65bc8dbec2accda90c58de5d1246,13500
e64882b4ef12aee8d0faca4db5b681f4,74210
e644cbadf7eeb30d0d29f335ce7d52ec,3029
e63e8bfa530fb16910dd6956e592bb81,7160
e62b2d6ac10570a035a30bafcf01d263,5767
e628d4a53c109f09ca88098338b3a3f5,30170
e627629ba868740e287800f1a9be81c2,1421
e603cf3fec55f8697c9059638d6c8eb5,96080
e601b04acf48b4576e73ddca9481f0dc,4476
e5f9e61ceb5f523cc966e0f34095032f,88353
e5e33c0d8e7e002f398f5dc4cbbb338f,17032
e5def42655b7490edac5a56fe8e9e603,13900
e5d4b2b0c3bca22085f7a19a28de0c42,89201
e5cbe890e679490127e9a390b46bbd20,1041
e5c84227854980f1db19a58958c551d9,83823
e5bd51692380fd8cabb19b756b95e714,9220
e5a38146df062edaf55c38afa99e42dc,1233
e5a3438891c0bfdb9394643f95273d8e,13483
e59e575a175fadcadf8479e191770425,26210
e59e489e2ea74bd409b798b5daf49de3,87060
e59aa562b9f8076dd550fcddf0e73491,82810
e595809a6c31ec4314fd06ef198c244d,88370
e58a5b390e28abc0b216cfb0e07d27d7,22640
e5899683388855d3dabe8913bbe365de,13575
e560e4022d8f7aebf155db95946c5c0f,31110
e5545d4d4473876ea78c5bcebca365c3,17512
e5475dcab1e07b63d7f6e902d8f5eda8,9921
e546117ed9cafbc40239c0c78635c584,4705
e53d5b9b29d1218281f4a907ada18626,85903
e51f22821f0c12a16ad5c020cdcd55e9,6341
e504a4e2efaa45cbff7e268a2c58c956,13520
e503f22be6a4f456d9851920a5d9c670,4508
e4fc40017a6d22c46a14ac2e17f87c3e,86702
e4f121bf6ef8b9a1d4d3e65dd0473fab,15085
e4ebd3f87bf70440014f07ddda7fbe03,19470
e49c26c3edfa46d227d5121a6b6e4d37,55325
e48cc16ab70bfa09e1401740dce0b3d7,16022
e48b04bf1aa1ef711caebeb7aede6180,80240
e46bc031f2c5bae4ccb40bb90712e9b4,5174
e45edf75f568ed2f93f78d060e246e25,22790
e439f7176d763f92de325271111b2fd5,89219
e433f5fd4050e3352b5d83522b7fe24b,86702
e4253cef933647000a82ff39c67b7bde,5856
e3e290b38963293022cdcd6db8328103,1403
e3e15e2c0b9700561efac21c6be48066,5315
e3dd723429d1b23614b7fa85e2c7a853,9810
e3d3b3efac954a60d61be70b7e05b49b,3370
e3b4998c7a498169dc7bce44e6bb6277,3635
e3a386fc36e22064434e1fa256f6a9fa,13165
e38db885400cd35c71dfd162f2c1dbcf,70740
e333046ce6517bd8bb510291d44f0130,18950
e2c92f9c1c7746d899d18f2e158bbff7,15054
e2aee0892199b1d92530e371abd825bf,86600
e2a1ac9bf33e5549a2a4f834e70df2f8,1210
e26901d5ab434ce92fd9b5c256820a4e,9350
e256a62e0ac58c0edfba09966142d561,81320
e250d617a0ad591ba9bd663e584a895d,7084
e24fc9fcd865784fb25705606fe3dfe7,12913
e24d3429d294b2eb200b064ebb035879,3514
e21a1e8be4715b0fcfd5385643bc49c4,88715
e1dc0754bada9ee4cfe9713f22f61292,25035
e1c76f339ebd5460999f25a2aa8c92c5,3029
e1bed63d68ac36fe1f3061befe196af5,13848
e1b12447a7563944843191754aeb5562,7145
e1a210d482714ce337763a19aef94ba4,85807
e174dc2de86d60fee178170a154c05e7,9210
e1643dff33666ca629e3644c02738179,3182
e116c7455dd26a4d8c3e92532583905f,1140
e0eabded302882513ced4ea3eb0c7059,13023
e0b162a693bc7f9eab00f783a31d60ea,96020
e0a3c37054ade6478d923a6efc10f308,88340
e0a366315b1b726b6c7832d664c0f530,2258
e09887ca8c7bf8a4621ce481820414ef,8431
e0878efa0e0b7e5313ac0b43bc04c081,80230
e06f09ec0a4aca210779cf1cfc63cf19,4773
e067ad2c1c0b48758eb1b5228bcf7a68,11045
e0487761face83d64fcada2408959a36,1021
e0482f2c769468c3bbcd8a01e09d98c5,2320
e00d85ce20ea50c1224c66ca5050527d,6286
dff87e4de60c9736ce8df835951b09bc,3172
dfc5fb7259bb2b599ca565e6e9448f0f,9780
dfc475d54e1b6dbeeb7d7d9bdaa63827,81460
dfa0c4c6229ab200a4a1336b4d7128ff,88085
df91910b6a03bb2e3358fa6a35e32f6f,9560
df683dfda87bf71ac3fc63063fba369d,95180
df56d7b40d437f88407c5f78b63bc328,85812
df560393f3a51e74553ab94004ba5c87,87900
df47da4ae86fa4db890d05aaf24e21d8,4360
df0f42bc4c2142eacf0eaf2cffd0cfbb,88306
dee656f0f566ed1aa85bd137c943f08f,12701
dedcab67899479e4ea5dcc4eba47f587,89258
debe6615cd90cc0c2eac2b8988e1f628,4282
deaadd805612bf94faaa9fa702516e11,5756
de9727ca376d1be6ec121b110aa7954c,87114
de722cd6dad950a92b7d4f82673f8833,51250
de66a66f2dd06bb9ec37aa96987466a3,20910
de23c3b98a88888289c6f5cc1209054a,5530
de0c78824586e9a5f5f04fd84e25df39,6730
de09d00cfc265b8804c7df34075a68fa,2118
dde698c6d0bd24834c586e5111c2bba7,25755
ddd51ae8cda92f3995a51fc0f0f3eec7,23062
dda37071807e404c5bb2a1590c66326f,3282
dd9661d3cda1e6feb237f0c4d8b26f2e,89620
dd8a29ce82d5c705ba932d81494600a5,8220
dd88d13bea9e4c2bf47daf224f8141e5,95900
dd7ddc04e1b6c2c614352b383efe2d36,3471
dd58ee93286b0821565574c570e9e1dc,81650
dd55f1bb788714a40e7954c3be6df745,1021
dd5450b022b2d00a2145a66331e1aef6,89208
dd533b429f380718b70ad9922c294bae,14781
dd4d95ba2d15c071e6c695e2ef6ce169,29315
dd39ad39b5d3df33037e141c72497ba6,4282
dd2bdf855a9172734fbc3744021ae9b9,31255
dd264199fc8b687ad029de7de6d760e6,85815
dcf3755cefcdc158ad0b7bdde51e871b,96503
dcb7367a92f5ffb89f1e2152ed260285,17700
dc8798cbf453b7e0f98745e396cc5616,5455
dc7192adf8ba09569261f4a8d576afe0,18401
dc64d75cc406bb0697be983831430e60,31560
dc50afafdfa325eadc890c7fa42a8f4e,87050
dc4a0fc896dc34b0d5bfec8438291c80,14940
dc317f341ab0e22f39acbd9dbf9b4a1f,94910
dc120d932ddf9d4dfb6fd68beefda622,83010
dbec9a0a7efeff029d4d9dce7dc4cc95,31920
dbdd0ec73a4817971d962698f2fea022,60710
dbd66278cbfe1aa1000f90a217ca4695,5588
dbc51f5e45d654ecc16cb68e6817ecea,14402
dbc22125167c298ef99da25668e1011f,37564
dbbcfe2c8d026742134ac3e28ccde274,81630
dbb9b48c841a0e39e21f98e1a6b2ec3e,3929
db7ed69a53aa9fb1c01930ba54a88bbe,13820
db6a4d4b5f1f5f98820ce6ce2619e2de,2968
db46ca7bce82b11f7e247539271fc390,23080
db4350fd57ae30082dec7acbaacc17f9,3126
db2956745b3a8e9f3785c99f34b5d25e,11600
db1f0f7c7e5e87f40b62226f020bb297,83322
daf565f087a52def0fd5c5825b3661bc,88350
daeb5653dd96c1b11860f72209795012,31310
dadc51ef321949ec9a3ab25cd902e23d,4821
dace965ca58120f92f8d742a9fa1864b,14015
da8622b14eb17ae2831f4ac5b9dab84a,13405
da7039f29f90ce5b4846ffc0fcc93beb,9041
da6a60cc8cc724fe51be021ff8be779c,28941
da4d149c0ddbac90557103ac0a0ec356,9861
da3fede3469bf49b7293ce3fc45b294d,8743
da2782c804606d2a5d8e1760dbb3e7ec,2022
da20530872245d6cd9d2f5725613c430,95650
da03c298e3999e9d828591fc2179d109,4041
d9e8c084b68fe958861d8f2c21202e6b,5528
d9e7e7778b32987280a6f2cb9a39c57d,3304
d9d43faf741ceaa8da52fdbb81d9e0e3,36010
d9cd369bffa979d1634f8e1318bf2f1b,15115
d9cb0052a666de5308b32f32ad5f1b1c,15400
d9c349beabc06aa6ff1c6d68b5e9e22e,3586
d9bd94811c3338dceb4181f3dbc0c73e,4186
d9b00a97818674c7f8d8b1ef0e689679,84035
d9a84e1403de8da0c3aa531d6d108ba6,3562
d98eec89afa3380e14463da2aabaea72,90010
d97df38225e5abadaff1e72cb72b823c,9560
d94ba08b99bedd6a5f6c875ecc4a6fac,86800
d94a40fd42351c259927028d163af842,37443
d9442042130b7fe579d1295f9f4a248f,3550
d93b8458c6fe139d85cfa5eadbf55bd2,2238
d93919c944be9cff128f6c9cb899eacb,13375
d93844a9c55ba7ce353388bcf849ea56,82320
d921b68bf747894be13a97ae52b0f386,35570
d91fb3b7d041e83b64a00a3edfb37e4f,11704
d90fe2229fee1a5da999ccd0c06c1667,3416
d8dd176509baa37f359644d082bf7f7b,9570
d8d9567d0bfb0bc7eb845a205ba42657,3688
d8cf3b6a2151949f930d0252b180ec42,87160
d8c7ba53e7e38711eaef8c2849d6d2e1,87120
d8bf0fc082fd4a77fc2e5679b6c00133,3184
d8b8f2cf9ff6ba0389072541cb42498c,73813
d85efbc8eff2b7adf524e2820569adc8,5268
d7f1cfc638473be93baedbfd02208016,26112
d7d517afce974cd491b8d52bb5b5b1fc,3508
d7b2377bae6ace1b11fc69a11900ac36,2415
d7ab82074b5f1dfba46db123df101bff,12941
d79e8478eed9999493990b44955fb22e,20081
d7827b2af99326a03b0ed9c7a24db0d3,86076
d7485b33791774c36108f8c69602d48d,81020
d73cbd89533ce8b041a9190241453ac8,36525
d71d863e5ef30d94e440c11be17dcd8f,6144
d6cd01c59123df02fc226eadbadb5f89,1207
d6b664fa0667064c6d76394e7848d790,14801
d6b1ce66b035a475f00c017792ff9769,13327
d6ab728cf30867cf3f1a2e216ae2f9b7,3185
d673a59aac7a70d8b01e6902bf090a11,14940
d66c305afaec317ebee552073a674429,33936
d66c11a9572221d92fbb8c4897db5f9b,20770
d65f31d2413268e671989503f6cf9993,13160
d650b663c3b5f6fb392b6326366efa9a,6713
d63f306de130e0391d38a792541723b8,3236
d63c73efd41eb002280e7ec831424edb,13405
d624126b9206f595fb3fbb6ba03b28a8,80045
d5c530f4884a75ae0dba9c148718d278,35660
d5ba419e26d246a0719437cf37d9b46d,3437
d5b9a084373da994a6e37f732169a853,9182
d598f929fc44e1e38678e7f47250ec04,73801
d594982fd877af63ace38ea1fca27c76,1031
d58d521f3789def2e7a22715e0badd93,3643
d57e18d5f73c7ccb7f7339b61166898d,3613
d566c37fa119d5e66c4e9052e83ee4ea,4131
d558ebe531605a1285ab2b1bc3256dfb,35501
d52cbce9845184537284a23c3bc3da0e,88495
d51e0a403fe2e689ece6c73359d96e12,17580
d50d79cb34e38265a8649c383dcffd48,8290
d4ffeb15b67e81ff9af2b4252d99fb7e,12943
d4f91e8be86b38da2ee35bc489645a9d,12512
d4f117125b59ce73c3302f88ee40c458,4058
d4e4b5192cba4e0e66eb12a9d347239d,85904
d4e12e7884759a14fa0f5f896c791cae,2242
d4d99b60c4c94cd35acd502cec65dc8d,4904
d4a5e99e0dd915df64ba55a7fbd583fd,5041
d4910f1cdcfdabd48d6b316e395d4a23,9190
d4828feed4cda2cd9d6b37899a95a71e,63020
d3f39f05462b79a4562d35893a28f159,13730
d3e7d37c0df9aef383f3f2a15b0dddfb,83050
d3dcf0604eabf0224fbd5948b5e02f69,3654
d3891911c2feae53c52fea2bd14054e5,6760
d379f449f2a3b271bc01c0782020f705,35500
d36b07fd3c5088e477a72d1fccfe29d4,18200
d3674f271c91f824f82d24d92011f669,72233
d354c38a7182125a748cb10474fe963b,28495
d32e3909cfb714fb2a6cb092c85b9c5f,13215
d2f3e277560ed4c6361284429b00f037,12942
d2e753bb80b7d4faa77483ed00edc8ca,45810
d2df77822373f19934e87694d8640767,86706
d29ba1220fb8634fa3a107e54497b8a4,13560
d297f1055de2956aedfd3b04113dce3e,13382
d26aa40b90272d4843d63be7c1462c8d,3065
d263fa444c1504a75cbca5cc465f592a,13478
d25aa0aaacb370e912f8cf6efeba38b3,89108
d2572f31e9023e9850ef986a636ff9bf,30640
d2374cbcbb3ca4ab1086534108cc3ab7,14940
d23019c84ffae2d5ef2270367b8605fc,86073
d20b021d3efdf267a402c402a48ea64b,14940
d1ef48b38baca7e831711c4a0aeb398f,86800
d1e2fe627180431ffda076abb303c56f,25900
d1c7fa84e48cfa21a0e595167c1c500e,99730
d1c281d3ae149232351cd8c8cc885f0d,14940
d1b9d4be4b6f9ebd85f8acd6745ba612,34006
d1b65fc7debc3361ea86b5f14c68d2e2,13844
d1aa1ec0839dcab73a6161130eb1f94a,80220
d1a5cc844736958c11b8efab9a2b4c87,80310
d1a1b40ec554c593a1a99366746289dd,85501
d197aa8fbc64087f61984deef05f6227,12224
d180e07dc1e58c31c3f0cd599dc4d945,30620
d17f467e4bf608a510c20d82f4ba3b6b,95098
d1582f4043306e6b91afa6a8a884f898,3445
d149de2f383552baea37a7198c2296ce,4193
d13e50eaa47b4cbe9eb81465865d8cfc,9210
d12c926d74ceff0a90a21184466ce161,2634
d101c6da914ae3d53f7bee42283f2fe2,8072
d0d70d21e2234dd7cd3cf63fe414148a,58865
d06d019f72a04e5497a0b64190af170c,6703
d05ae8f7a5bd1d2a690a44cd079e4e27,22775
d03698c2efd04a549382afa6623e27fb,45658
cfe94489ddd337d1e29e12f2a7205d10,3178
cfd7ddab722b902f7ac5b5f3ba6d723d,32372
cfb1a033743668a192316f3c6d1d2671,18110
cfa5ab0e4d3fc212fd0b3410e7081c62,36500
cf8ab1616079e2793aa29d524df01bb1,4088
cf6f6bc4df3999b9c6440f124fb2f687,4937
cf654707ed6a99f112c7ec3d6f314b8b,4615
cf281cf8b7affbdfe751b29cc85580e1,61760
cf2384dd2f1dddea3f838efed0945e65,13930
cf1313c6e2c01c2f4b014f97db4bcd2b,22050
cee48807215b30a12ca2ca10ffb5f250,11431
cecd97bc34ed8330bd4cd15713eda670,89819
ceb7b4fb9401cd378de7886317ad1b47,22790
ceaec5548eefc6e23e6607c5435102e7,3821
cea729054f157f5870bdd321a958d994,3161
ce7d1888639e6fb06b2749cbfdac1ff7,37443
ce69a8021d18961dd2a40269b7c2c293,81070
ce616e1913288884e7742faac9d981db,6711
ce4755084bc097113867e6454f8f5e52,14090
ce3ad9de960102d0677a81f5d0bb7b2d,20031
ce33c6211beaa8fef4cae8b52db39862,8655
ce27a3cc3c8cc1ea79d11e561e9bebb6,3006
ce248b21cb2adc36282ede306b7660e5,89251
ce20a2ec1514c25e16f2b5b39bc818f0,5186
cda598c48d7c614bc1cad7d8ff6f0010,15137
cd843d4cf8ef32827de0396605163ba3,36071
cd6efc47efaabf134f8bdb654e10b4f1,23050
cd68562d3f44870c08922d380acae552,14050
cd52a8efd71af3336b14b5039b951cc1,88136
cd3d09fbe6e3e9ff0c0ac0c300e93ae7,13380
cd233f8bfa30ebfd651f47ee7d054951,16208
cd2169d9f31ff6fbb9ca3373b0c9e354,28633
cd06602b43d8800bd0afad514919d35c,4119
ccf8813e5a7d6c84d865cd38bfc2b130,12080
cce6ab8d1682639fe45ab70234f1665f,81020
ccc4bbb5f32a6ab2b7066a4130f114e3,80310
ccbd753e6863fe7314dc6c0ca5a074e7,89046
ccb83a794700270fde70898fe9ff368b,88960
ccada0ef508e698917a6eab263375905,85948
cca3071e3e9bb7d12640c9fbe2301306,14940
cc80e2f693fa6e2408f47ccf62413fc1,81050
cc63f0dd2acba93ffed4fe9f8e0321fa,15025
cc5a78bbad32776dc4e3af205218368c,35501
cc419e0650a3c5ba77189a1882b7556a,9015
cc3d14116804f7209f3884f6367f1152,82940
cc1f04647be106ba74e62b21f358af25,2739
cbf09e831b0c11f6f23ffb51004db972,9726
cbd996ad3c1b7dc71fd0e5f5df9087e2,15081
cbbd5ae8f53de5f5097cd8217b529e24,6544
cb9fb4ca75d7ba8437480e8dde64fe98,3551
cb8bcce248bb1fb274ba762d8b971456,37540
cb810bd318f51b3dc3c753944d61a1fa,24240
cb6c9f5888a7a090c75beaf615925792,29100
cb5ff1b9715e99589f3e0c7a6afab9e3,87060
cb5df0dcb9e280b1780e9d589889f2c7,15115
cb4a705d00e100b9732d0ca34817d441,88032
cb41bfbcbda0aea354a834ab222f9a59,3520
cb3dd9ce66268c7a3ca7241ac70ab58c,3028
cb32766839f443db85c82a43c4a6c19e,13506
cb162c8eef257253782d245c08d9097c,6419
cb0b3bcf14e0a709df412a99424a59d7,4255
cad9969167c09b48ae6f1d123f7fa68d,37706
cad10cc982ab6a391570c211b995c17c,18701
cac876b37d3abcd6bd76caca30277996,85816
cac63f48c38cd7d002a7e846dcd99a23,13170
cac4e0bc1a3269fa2b6ea5e763f6115b,88351
cac4c8e7b1ca6252d8f20b2fc1a2e4af,13347
cab85505710c7cb9b720bceb52b01cee,2252
caa9bc43a9fe8cf9c564ddd8a03cc4a6,12308
ca7c6bd577e559472af1c699de9e764e,9812
ca77545ca4d2dfd1431bf61334e2fa3c,87020
ca5832c6960267b71041f74bb39e8b12,89820
ca4b77513ac2040591b0d8fae6958380,9190
ca3bd7cd9f149df75950150d010fe4a2,4361
c9e5ad1f6647f5dbd1172adf6ae3cada,90240
c9d2ba8dde44a275ae06475ed1d2fafc,38400
c9c7905cffc4ef9ff9f113554423e671,6871
c9aafcd0621b2207c10e32c649cada4d,8011
c9a06ece156bb057372c68718ec8909b,73020
c990d6cf976a5718aaedc539f383ab88,13145
c97aa4ee7420f937da13b7f9e2228b99,93510
c963a25b8671419c6ce9eebe8fd03218,23943
c8e135e7b21ecbc36c1153a29d2f5a06,1411
c8cc60ffd415254af5d9b9f34f32c369,18053
c8c1bea22194a4eefa2dc9a9fa89f536,88210
c8b3445d737de6befde0c88ede534a5e,5734
c8b0e2b0a7095e5d8219575d5e7e1181,8598
c89cf7c468a48af70aada384e722f9e2,25730
c88f62b4c386a59281014d677864d016,86707
c87abc38c8ed3240861729e1aeadf221,5713
c878515173c84a492ebe50d6b493230b,85880
c8771b1a10bb99bb34d3c459c5cffb53,36512
c8665a4dd081a2c436b1cd921079d0d9,14750
c8660dcf9ba70575f45d80fe28c27713,2040
c864036feaab8c1659f65ea4faebe1da,83605
c85d7b477a709c85a1e8b8f25aa1b270,9640
c847e075301870dd144a116762eaff9a,38022
c8467937e403e76a8ee9f0ab13f6f5ef,37704
c84592044b180dec206770c38603814b,1026
c8417879a15366a17c30af34c798c332,4445
c840d3fdbba0790404fdae73d253b253,81530
c826c40d7b19f62a09e2d7c5e7295ee2,7133
c8143b3069f6746a77421b5ce30a450c,75345
c8025364abeecb115431bf95c11a747f,90630
c7fdb77fdbff3c41981bc52f787e959e,9111
c7dcd301ecfe5ab7f778ac172cf74be7,30120
c7c7b2682c648339a0e9846bb1023a39,12916
c7bb64409aa480bb7d0335faaaf3d242,89218
c7b7db6c8f3c64a7cc1afa634db21d50,4367
c7a0a13cbcf29d5ce51c8f80afdc0b89,89170
c794dab4928dd97beb41d05514441e86,13160
c79151301b9d90985d1fa52879213105,87083
c76d418370990614e89e956c7a7567d9,6787
c74f14c1e26cf1bd5bd34b6a1e274426,89900
c747d5b92c7648417faea95d36d763e8,61800
c731d18cea9bf687ffee82a241c25b11,89701
c72de06d72748d1a0dfb2125be43ba63,46430
c7246702dc991a06d788120dc7544391,60440
c716e0b86ed568878475b60fbb6323ad,22783
c714262700f93defc16bf17a51a4cb23,2751
c70c1b0d8ca86052f45a432a38b73958,13186
c70a353f02429c00775a46a75fb787da,8275
c6bda72e4dbf5c5866b13cb1810c6d03,3087
c6a7539d424a8402232c2228d7a03c5e,3191
c68fb906c8f4b4b946d8386bfa6e5467,14870
c679fb69a36e1d8349e8c50a217b4d58,95020
c66dccfb3f109511246da627dd5a2498,11900
c64a2aec32cc408a8a4c6d7c46017f91,95625
c6381d2d013342748761e906d45aff76,93180
c6381b1321d7d97717a5bb4ed5b77882,4276
c6218512d16fcac0af02fe92691cf274,32315
c611f4ce9ce875bcc063fa97fd4d7d12,12944
c60b801f2d52c7f7f91de00870882a75,7174
c5f7feb04a6a1fb3596322bfc3cf1917,9571
c5f7e746b7e6d07def6c0dae9903279b,81350
c5ebe6598748b0aeaa61cfb820478b92,95910
c5e60e39c0f42b8e827daa13cff74afa,3449
c54679b132454625907c773d273d4126,11443
c542f5a8c64d973f30e9df8d06f70b4a,2013
c53bcd3be457a342a97e39e5a9f0be22,49980
c52c644cc0dc85121207a27013efc6af,36325
c522be04e020c1e7b79f3acff36513d5,6501
c510bc1718f0f2961eaa42a23330681a,13330
c500367424994318b9e779ff1ae9a330,13145
c4fb51fb1c5b7c07bc5e67be6e7e8f6e,80060
c4fabeea6e569d42d02993bb1f4f1cbc,60741
c4f7fee5b0db50e87766f5a4d1b1b758,18085
c4d51195486dc781531876a7d00453d8,19023
c4b911d06343b21dd906651f8101cb49,17560
c4af86330efa7a2620772227d2d670c9,8840
c458e2045a8aa8964f8879af03fdcce6,9572
c447f8dd3ed213f291d65ef074a268eb,19802
c43d924a0f1688ee9fae0efcd6f539d4,20710
c42fd8e4d47dfb18ce5222f2dd7752f9,6246
c3fe93ba3085f92855c97e57f38c8c05,81510
c3f5668699a1b04c0fa61ecea1e2bff6,86808
c3ee2331a724e6fc02c4b698b57a73f3,5108
c3e2398fcc7e581cda2e546557bf6968,4781
c3e1abd72a42fe690fcd89cf5720fe29,13840
c3cfdc648177fdbbbb35635a37472c53,80610
c3acdfac4e3e97ff87529454fbc03642,5705
c3aad7dc65449ae90a5e9c3c6c1e78e0,15350
c398bc00a606d33758afd91f4e64fd15,21740
c394e193cda3b4225ff2094d32184849,4104
c3867b4666c7d76867627c2f7fb22e21,14580
c37b2059d4f90d4feead554e5246565e,5170
c360e4787614ed31ac7a2f95d3b22dc6,18681
c35affa65afd250151285c5917fc1c8a,8050
c35672b10ad50968f567ea3f4b91e877,26551
c353f8fc0ce8344999f17d578eb69a5e,90850
c33a5c3c983090c8b78a28e65052a20d,88802
c33847515fa6305ce6feb1e818569f13,88359
c32fc744b9160ac853450488e3cfea93,14020
c3251e13f1bbda6c74e37c160f991e19,13660
c31eff8334d6b3047ed34bebd4d62c36,13322
c2d70ce2c5d0a2eb75e78668236e6dc8,4275
c2bda99904207edd1834f03e0022b007,8280
c286ec035ee04ba81c97508f0b5df544,81320
c273175f7c6c80fb02f051e2fc6d0d72,5849
c26ba52cf8d2f34915f2f6b7ffa0a3f3,21510
c26a2be5b53b7db6b276280da212a779,28630
c24173065483e421f9e5e7f599de101d,3548
c240c4061717ac1806ae6ee72be3533b,20920
c200c73f9d7e5a08ca439d6a0803da7c,83507
c1f12f926d0ba950578b4fa41115cbb6,4317
c1ed9e3daf6154542826a6996af0fb8c,88308
c1dde11f12d05c478f5de2d7319ad3b2,1026
c1d1ebb4745cc43cb6f05e9c8a705c9a,8070
c1849d4d32d7a6cecd5aa471809d3135,9070
c18309219e789960add0b2255ca4b091,20521
c161d1327ebc3a156c09582ab2f59f6c,3521
c157bdeedcbc9a8e3c8bf0d87ff24428,18120
c1552b1dab6e6f760950368ae61fb600,12215
c13fb473e7cb8b83ccd543c094df0608,5319
c13ef0cfbe42f190780f621ce81f2234,1207
c12d7463a579237ffb9248bd7cff378b,8275
c12b92bf1c350f3e6bf88d3596219c86,17400
c113b8df1fc375bc3d73d29c1b1144d1,8021
c0f783394e37cd9c9d7f5f81141450fa,13416
c0f3eea2e14555b6faeea3dd58c1b1c3,4195
c0e6839516f5398edc34adf5f1d53d1a,11430
c0e0b73d039eb9a99b6ce4cb7a429cd3,89170
c0aff2da32c17759d30b22fb0af6649d,88032
c092292535a57dacd95a8765f5518f87,26600
c0563dd588b775f2e37747ef6ad6c92c,9220
c04d70d515d15a7e3db3a73320598566,24020
c03121937e54a93fcc1825c3098bbb6e,82800
c026ef0d72e9132d9fa112308090c8dc,20766
c013e57c075a06e5b5c48ee03c525719,13568
c0098efcf800861dcae589affca31408,14080
c004e5ea15737026cecaee0447e00b75,2035
c00396cbdd2e088fe4281baa5920aef1,83535
c003204e1ab016dfa150abc119207b24,7790
bff9deb0ec77d437f3305a79cf25529e,13481
bfd938b22bc99bce1ae60dc602889f52,22775
bfd27a966d91cfaafdb25d076585f0da,13930
bf961104a38e01b9062ee026bb657dee,14055
bf84056e679dbe9c69929847a40e338f,2537
bf3c6d2a28b2b5501e6c15448982dcc9,4180
bf100ecb7997df312b285358fb32f92c,83070
bf0d50a6410d487dc97d2baac0a8c0be,13408
bf0045791395e66460eb04749c68672a,4256
bf00385a5f7fc1ef39a13c2e9ee50a5f,1224
bee36b4f9a2b9fdcaff6ec05df202ed0,3308
bede56095ba33c42038fb85f707b8a42,13271
bec568278124768c474ee90971ca94d1,3553
beadbee30901a7f61d031b6b686095ad,7097
be9a160a9011f627c3e121d076c1ec7b,89256
be8e909810184b9b19e886129149d8e5,13418
be7a093e5b4d147b36b72bb1f9e415e5,85900
be67f78487e2cecb0d55bc769709e4f5,32419
be3b4b0f050a6aa1b2d901c4b77e979f,84430
be1e9e378700cecaa4ebf71433d7915c,14025
bdf0d02d36a1d839d0c39c4a887cdd49,16200
bdb3edbaee43a761e2d4f258dc08f348,18680
bdae679a9b282249bc23b9b69dae9a99,72210
bd697db56ff8e7c9cd1abeb7f72029b2,3533
bd65d163ded559eb90a10cd09fec178f,3526
bd4ff04377f974574f7f0bf9d6ce7dde,17370
bd4889b5e9133b35b66e42a8665cea5c,2963
bd4431c1a8dfa744b59e1e2a8bc99b9e,20761
bd43e172d599bed47a85da877172ca8c,89280
bd23da7354813347129d751591d1a6e2,3971
bd1d49a326abfa9b1036772e40445430,17017
bd15ee794d5e640d9dd71b665b2ab15b,14078
bd149ed516d4c5d418d5781f8e18919f,7241
bd0a1b0aadca9a83d9304f7e8ff5fbd5,1212
bd0389da23d89b726abf911cccc54596,71691
bcf5566870987da7bc811fbc8c5b9fd9,3378
bce6a5ecf98e99fd2a8868b15c51f04b,7180
bcd2d7510d58e293f20fad6438c1b314,81540
bccf933e006e9b94a6184af782963e77,19806
bcc9dd23e2a8bd8267cf92b19304a1b9,14940
bca9230d3bbb4efa51872bf605a2f1ad,4296
bc8c8d665ec4664d286be0d521722b19,4851
bc503e244f187939d10c92a5c8e378ce,16200
bc47d5d1490df2b36add65d733eafaba,9163
bc39d8938f90a3a2b98193723ed59774,7791
bc30de0d71bd6260b936a026b5cf7200,13920
bc302730ea8cf49b5c74f579febb5bbf,13015
bc2ac6b95e1accce9858528ee566c17e,13085
bc07d855eac23aab5ac8a120f21d16b2,8710
bbf9ad41dca6603e614efcdad7aab8c4,60348
bbf4a892cac7b82422baa711dffb8997,82200
bbe87dce25ba8b38bb61cc7210a3f10b,13870
bbd3acfe6de99892e73940d3fdceaf68,9111
bbaff50f3b708fda865918715276cd87,12940
bbad7e518d7af88a0897397ffdca1979,1512
bba8d0c234a52b87b3957037a215d1a4,74343
bba74270a87732727b5a3b4fd9ac1c39,32604
bba3293d6f5d5af2f415e004e8b93ae3,4726
bb7ad8a45c027be8ab075b8e465f8ca0,88056
bb7a14e229b1c95156719c3d9552eeee,23095
bb5d956dece964a06c12bceb66b923ae,20930
bb5bd94c8f59cc050072d2930c869cac,5008
bb3dca718920a4d7ec3cc9ffb025108b,8011
bb2afe2061d53c6968aa0cffa233a8ec,4307
bb135baca94c82fcb731335ad5b04a03,4362
bafc5aa11e413978be29040f51342e70,30130
baf15155e37ef5492731459bdc05be8a,5715
baeda7047354773262ba2405f97038ba,13471
bacb1f0ed56ad24198f5810d2b3fe9a5,12328
bac692d6c0ed08467878018e6cc9c26c,89041
bac44fa8e13424950488659b5f765c41,4534
babcc0ab201e4c60188427cae51a5b8b,13660
bab0a8cd684e41ba6e2637dca0979d3b,22793
baa49d93c8c8841e27400a300f5d74b2,88113
ba90964cff9b9e0e6f32b23b82465f7b,7140
ba8e85df286308fe68a2ce83a8f8b2d6,88135
ba89796db68db180bd389de96b2ff3b6,5763
ba6ce6de456f6c11d08c17701ba5c26f,18044
ba6b68b55fe8704377a7d43c8e5c0185,30130
ba6b4a237f92479743cf0ca06b67a9ac,23550
ba5daa4041e1f15cdf34b76e3e18a450,4363
ba143b05f0110f0dc71ad71b4466ce92,2274
b9ec22de23f18567de0e09d776ca0309,72318
b9de031b671cd48b28fae9d828cbf2b4,4283
b9ca8e8baa5d4aa038394a700f63e69f,3001
b9c0ffa92f3ff9a5a3d45ef7213c0842,8246
b9a03475e6447e631b6799ec8274800f,85830
b98b715fe9e276204e2a3464f48cd796,3827
b94cc9f10ddc85e4ba73a6f7974e7101,27930
b92e3c8f9738272ff7c59e111e108d7c,36502
b90e891671cffd9557f33a97dc523645,83010
b906dd0e57f282c7089171b6ed07982e,87083
b8d890108a7a80e4f5d59eea9f362438,81110
b8bc237ba3788b23da09c0f1f3a3288c,88303
b8a0adc91af209270c2c725168eb00fd,14940
b88e7c57cb2d8b973b7dd4a2bfa14b36,81350
b87a7ea0c30fad2dd6781b74a0064859,4133
b86a47b3366e3b5424a7b225781f4908,37900
b8630e1121437d41cb08e3c749c2c2e2,25070
b8578d2d823bd8e251f6fdd02b40902d,89069
b8555308bfdb4ca1ed54325a58da9a97,9751
b83cedfb587e7911540e3f576d6917ce,4870
b839e41795b7f3ad94cc2014a52f6796,9541
b81e3a6c866a764974fe849821abeebd,9360
b8114f2f589a6804810f04f99b36b498,9633
b7ed9fb14c8eadb37adb9c45d67ab0fb,12331
b7e1750c1157341d2abd0251e07c186b,5741
b7d5b4b87af9d42b601865d3f3810bff,88020
b7cc6c5e001441ae8cdd5c69a480cbe4,89520
b7ba853e9551f4558440881fd3e5c815,95500
b77a27b1864483e721dc831d5ba4afa0,25251
b76f4d90e85657a240495c876313adc5,13185
b76dba6c951ab00dc4edf0a1aa88037e,3237
b76a1f8356322f12529c37b67d5c96c2,11015
b74d1c09cb380e1d03a6f859c6f4224b,20061
b6f52e346160519c24a23af05410ad32,1254
b6e1504972665f739dec4facb9943775,13405
b6dc74ed30f124f95227bed4e43a3bed,86702
b6d44737c043328708f6749c2dbe50bd,9230
b6c6854d4d92a5f6f46be8869da3fa1a,1042
b67d6c666e8dce1d078c882825e12704,3641
b64d51f0435e884e8de603b1655155ae,7077
b5f49fe968dff6b112861e6cd8e192ef,80710
b5f0712d22a873b6797ab6cc65c3fcba,2316
b5e3e38609125694d2ea2417522a60b7,88020
b5dd7151a92ccaaa282cbe9681a05f44,14020
b5d034ac251546e25afe9067f05c1539,6852
b5bb2b985208834bd5bd86c7a402bbad,95800
b5b800c4065bebf4d3442311c9857344,3561
b5abf4f36adc043117b4fca82c22984c,72251
b586cd24c010a13916af621b0325fbba,89164
b57e8460909fa137df7951b4a3b5ea84,90640
b56906f7fd1696e043f1bcce164c487b,19830
b56828a9f9027f3c918c04ca720d9e3c,11707
b566ab0ef88016e00422755e305103c6,37640
b561927807645834b59ef0d16ba55a24,2955
b55638ad525e906c698fa2ce742c1742,88780
b4ffb71f0cb1b1c3d63fad021ecf93e1,3880
b4f8921fcc4ff77b66bea6dda43dcd51,95034
b4b447d715f9ab302a188fb43d3e96b3,4711
b4a476fbd28de64b1e347abf9089366a,6653
b499c00f28f4b7069ff6550af8c1348a,13481
b494891378bd8f4560abe576c52deacd,4160
b45d7ebfb7378630f1bcd74b6ff86ff7,30285
b452cb0ae35044c4a53179c39f49fb06,18047
b44dbfbf62e52125f3c15d230569ea91,4251
b43d8b707f887a30f4675391098354a0,44600
b416191c9813d821a295cfabafff4161,14407
b410bdd36d5db7a65dcd42b7ead933b8,74645
b3f19518fcec265b2e97af287725f981,15170
b3e2faf2c1004d674f16a3aa3197f0e1,14093
b3b17aab11f273023a5f22ca52e1eb70,86065
b39d7fe263ef469605dbb32608aee0af,14940
b3809b8d4394588a47c8470ea331e135,4810
b37c4c02bda3161a7546a4e6d222d5b2,3667
b372ee768ed69e46ca8cdbd267aa7a38,15013
b347677812ea483b0f528eaf8cbc09b7,82540
b33e7c55446eabf8fe1a42d037ac7d6d,14850
b33aaadd1a8891d2dfef0c4c3bdf0371,13481
b335c59ab742f751a85db9c411a86739,38442
b32be1695eb7ec5f10f72d9610a12527,95012
b2f4d63c7203f539a78252565ca32257,28950
b2eecf5ea250510da76590ca79d60e5d,3318
b2c97074649f92197d9387d9033dda5f,18604
b2bdc5e7940a7d7ca8c4a37953b27a42,13880
b2ba3715d723d245138f291a6fe42594,3470
b2ac621f0d0322434d04a12b078b9369,80220
b2a6d334e2833acea353624840e25a0e,4133
b29d3380981c51df13fc6fbe87e1763d,14057
b274baf5bbd142410eb2958cf685d684,95780
b26741d31a563d769b4af0465ab20c56,88061
b248792ac0b60ec3f93d80af1b4fae47,9560
b2479f944e1b90cf8a5de1bbfde284d6,14940
b1fecf4da1fa2689bccffa0121953643,79107
b1fc4f64df5a0e8b6913ab38803c57a9,24440
b1b3948701c5c72445495bd161b83a4c,3390
b1ac6ea7895bc3dd6f0f6f4abbdd2821,92030
b1aaae6b66ad3c40f54b389d7ea4bee0,4714
b1a81260566c1bac3114a6d124413f27,99500
b19f3ca2ea475913750f25a5c37c8d8f,35501
b19c48688808720822399ffa9f2dbe2f,4801
b18dc380845b24038cfc48006478f099,9951
b18871c324516afa228a13e8f1ef0ae9,4186
b17b679f4f5ce2e03ce6968c62648246,14090
b16d3dadc47d4eb18be3d88bad0775ce,93608
b14db04aa7881970e83ffa9426897925,18048
b12cfd255810394b60caef18ae163547,85810
b127efdabeffb5d559349c7b172eb75d,4308
b1204cfda1d4948679db3cfc0d3cb95c,7170
b0f2a6122a90a93eb03e68653dd960e3,80710
b0b346d3a89f5eb4c2968af3f083cd43,13105
b080809eaacb49e5ca07290981472431,30431
b05b432bf68945d4d9783f9e3ca29ee8,16200
b0398568231ba5e6734af1881671a317,29704
b026643914f651e8371425e5b8a1e780,22783
b01c2b7b8599b325103ebcddc67413e1,95800
b00af24704019bd2e1b335e70ad11f7c,40130
afe0067131b73e40875c9b6c10bd2e21,35590
afac9f6b0c4e5f0a7ee87e922cd0f873,17047
afa6714acee029b2dfdf357e5579cc03,13690
af7cdac9d9897cddead9c6b08976c642,18500
af4a0e4cfe1d9c26b6712b1be25a72e5,35670
af3ef48d0e13835e529c29ac573c63e5,14802
aec99834ab5d38ead22766ada8497e87,83411
aeb36d67f1414f234d42a29e27cf1f17,9060
ae9690c6e8fee182c28c9ff8e11ca52c,4361
ae8bfdbf1c2a2a2dee92d799db0a31c6,85900
ae7ab174effdead6c241e547e4ca13f0,86703
ae45df84722b1d15c5f32b23a095746c,3062
ae45ad30c2d2e5913094769690a239d2,14405
aded58c8142dedc5494a81f948431fab,22051
ade45994b717ccee333492330fbf037b,87505
adcf50477d6a1f5d91bb9d54c4903cb5,35530
adbe70ab2c97442046d393988c8d1d27,9321
adbc26658d6c7b4b6219f9d934598091,81770
ad97a199236354e53fcd91a5a913e9a2,88350
ad8b531ae67582f096925cff5630d0d1,84172
ad8ada0ffa993cb1197d102d9ab21a3e,38445
ad87df7699e83b8a91822a4a0b765c3a,13820
ad781527c93d00d89a11eecd9dcad7c1,15015
ad75519a07f039025e83795a4418470f,76500
ad738d3fcf42655ed15c4960b7b6c601,93425
ad420dd0c4f92f8af951ac24b86d0cf5,38230
ad273c9eb54ecb4532de4bf75bae9e4e,80420
ad14615bdd492b01b0d97922e87cb87f,88704
acf974e4d5950ad143a247471b831eb9,95059
aced59e9b31ef866a94f9e7f29d8d418,3306
ace601496e211a664100321f038f50af,2372
acce39e832338debb07b02385cde5967,32110
acb6c2ca5c82411c1fdb88d5fd5eb95e,3423
acadd4d36859671cb635527c6c977533,14270
ac9b01377919cdbd2a1bbb8d5837c70b,8773
ac6417315ae5da8f9a38ee11de6f7780,7400
ac51cac5e20d69ff485a54746488ef48,14096
ac3508719a1d8f5b7614b798f70af136,92030
ac1ed5fc15901fbc92920361eb4ab350,3334
ac137bac82ffa8548e62bd9d01d2a14f,3631
abe42c5d03695b4257b5c6cbf4e6784e,21235
abe021b01ba992245271b9aa422032df,80420
abcd2cb37d46c2c8fb1bf071c859fc5b,78020
abc015ebac1d283a323ca9db35ede4b9,14055
abbf6046bbdf1028606a5bc7f00c99e7,89820
aba1721a889e04decc910aa13b768ef4,5729
ab9db4cf53b08b828b64dccaafc2d9f0,96530
ab91571efab27993ff2f6b36e38055c3,4319
ab75b89cc49c9ab3160d0c91565a442a,17604
ab3e0c171fe84a7ba7de130f19cfb485,86690
ab27bbbad5239bc31a34709275a70db4,18279
aafe36600ce604f205b86b5084d3d767,88115
aaed1309374718fdd995ee4c58c9dfcd,89120
aae5e7b457a3c72ee230a47d98fceda5,83040
aae5953b9edddf14749c0d65d60eb4b9,31035
aae3bfea055532c57fb453ed3ec80b30,9271
aadfe0417e61315688b6bd7043361e25,74340
aac51c486b672a9850d59f3e84b1cf88,2752
aac29b1b99776be73c3049939652091d,38408
aa8af66c623d7d544dfe4bb85b5ebe3b,32672
aa762680c40618316a896838866140ea,82510
aa2640d851ec322526f1295bbeb20092,1156
aa1eb17b9fdf6dfd546e25c45c7b9235,4794
aa17b35ce4de7b565be3249ba838944f,13214
a9b533a26e898b12e8b8d4c07279bf4d,21545
a9ae440659f48b7849df83e82734150b,9015
a99504ac23ed125aaf5302af6cc30af9,14300
a9415cf907dfa12f9ed18693244f5329,36320
a938325a4b357fd23a6a4d5bb126408e,26510
a90a5da8b09e44264a177c0374a5ac87,84010
a89e143d5211473ae18db9577ee34b64,13486
a888faf2d1baececa6baf9c3d603ee1f,87502
a8739afb32aaa45e01815ca76f76f54b,9850
a81466620e46a6970b22ef40379fdfc9,88730
a806a4bb063ea7ca6d374eafa50a6058,29161
a7f13822ceb966b076af67121f87b063,8577
a7ecf689b40a44361e259b28939023e4,29102
a7dc4098e4da6e41b426269d12ae7e91,4386
a7d0f8dd44f57ef6de7f7f02e3d82630,3225
a7c88262832dfc683781d6a421edefae,8710
a7c53f6b3b61adbdaa99dda97e8cbd56,14780
a7b7354cc588f7566a848bcbb1ce3d96,1215
a7a9b880c49781da66651ccf4ba9ac38,13530
a72f15980dc3e9bfd1a49ac9b2f3af65,17512
a72c2f59332659e361d647515c698798,95270
a70e9066dbfd10b6b97a3f54a1356762,86975
a6fe7de3d16f6149ffe280349a8535a0,14401
a6bd7d1ccdac48c6b33b28596b7eb122,58280
a69aa24cec11168e7e39a3fbc727e925,6330
a67780aba9dd436e7ac0aa1f889e73ec,19027
a673821011d0cec28146ea42f5ab767f,3809
a663d9c3797e90eac99ff60939416a56,3951
a64e44665225d19dfc0277eeeaaccc57,19400
a63bfbaa882c8f4542891b4e2246cc7f,24355
a61cc04793308395a840807104365121,13240
a5ff20ff766e7f50bd5066f33da14413,5522
a5dd1946fb63ada8bcaa0c9cd8f11e22,55002
a5cba26a62b8b4d0145b68b841e62e7f,87303
a5bff0f43eb51f0cad7c37fac7244c8a,4827
a5a1bfcf728ab0e19182959cf0771ee4,13960
a56e351445e5863fc8960640ba9190c7,88306
a56a8043ebf66e42119618fb8cf232c6,89219
a53f60f05f822b5c621a50ff6a5cb362,38402
a5259c149128e82c9d6d46e0c1c812bb,76900
a513150f33f99a06569e9cd5c4bb889b,1545
a4fc6eadaff1576af888509a53420f6a,9561
a4e634166243bbb3a13fa584463fa468,6286
a4bd6e9adf39b63f43dc545d3ca1f53d,21020
a4b8d97cd5d3674eeff96abc99d8ed67,13177
a4b6b9b992b46e9ef863637af96e04bc,88090
a49928bcdf77c55c6d6e05e09a9b4ca5,3017
a478c7961d6a992065b24e63b366f90b,89036
a45765f8afb1e594b22bf9e974b46765,2411
a45314082d50d578a4721c9787ce09ab,15130
a44fb5a447105f8469bdf16bf9159f25,91920
a435b009cd956ea60748b5cfbddf2e24,14406
a425f92c199eb576938df686728acd20,81050
a420f60ff1aa9acc80d0e42959f2b313,5138
a416b6a846a11724393025641d4edd5e,3702
a414555ce331b8c8aea4a9cb8395194d,3638
a3fa18b3f688ec0fca3eb8bfcbd2d5b3,4557
a3f0b55de503387383c7b1de3ad7f678,82400
a3e9a2c700480d9bb01fba070ba80a0e,14940
a3dd39f583bc80bd8c5901c95878921e,41342
a3b42d266fa8afc874b909422ce88582,14620
a3b0df0065e264a91b7bbf5f844af5cd,9721
a3a38f4affed601eb87a97788c949667,89204
a37c340b91cb0169e8b029db6440fba2,4424
a36b125ac6d5fdbc7f50de85c9157bdc,14020
a36ac007a4d18f865c8d32c3b2402c2d,6455
a369d693961cb93b61ca2cc518872a85,15081
a35ef466c6fd6d052f5d241240d3c5e2,93347
a353b1083c9863d756d9404695016d64,29150
a35124e2d763d7ca3fbe3b97d143200f,4041
a3082f442524a1be452e3189e003b361,81560
a2fa0bdc798ee84cdb08281337cf4fb6,88063
a2e874074c877c5a05abae80ad6e488f,15070
a2e85714b56b1cb6bb24a9a6e6cad36f,14530
a2deecd5398f5df4987110c80a1972a3,5043
a2b911e9ad40dc7d61c142a4683e2d85,27353
a2b5b6105ea5942300631d2e76f4ffe0,6283
a2a41aedb70551d4a85aa04dc2fced48,4447
a254c682cc01e119f83530446f1df9a9,16500
a247197e2e9c19a6a53a6888cb8b660f,15056
a23266650e7c84bb93fbbba502137478,90220
a21c11ec5c3f03e7cc9f9203bff9e1c6,6513
a218df5c097b0ca409cfaac1488cc7f6,14806
a213f1bd6458f4a158f3746cb2514559,87043
a20d8058c866dbaeca014d2cd20ac62e,12209
a1ed30492b3b798bc121845bc4aa7366,4708
a1bea9970d8f65b240555f99c2214f7f,83323
a1bea7061f61f6fdd9a85a6325ba1033,6311
a17f621c590ea0fab3d5d883e1630ec6,18055
a154d7316f158bb42e6fa18bbe3afd3a,3804
a1544b9ea0b2390e020537d4daa89049,13211
a150c540f572d0fb53992264bc5c10b5,18035
a1474fd46fd3430168f7ec202da39408,83321
a13aaf2d2886ab9fb30fb9a920160b8f,89207
a13580f0e8f782b7a543885a0ef99f08,22790
a11a0e0ca67423425691db355cff69b0,13330
a1043bafd471dff536d0c462352beb48,37175
a1040efe9ff4a6f93c28b0499eada8f5,13210
a0e19590a0923cdd0614ea9427713ced,83075
a0d7fbb07bb5ebc3b05980e750db56f3,8500
a0a14e50070f3225b3eabba5b85da517,81900
a09a13f18ed27932d08438aa6f12756e,93800
a08692680c77d30a0b4280da5df01c5a,4719
a080fc8a850289b27500f6b49cca2553,3382
a06c8ff043abea0528ee44171e2140a2,35501
a066df7361163e7ddc5d7452dd17448b,14401
a0415d9b25ede3c4b1e477e9916ffc03,26255
a00824eb9093d40e589b940ec45c4eb0,18590
9fe7c6641c79970ab48185498f547c09,3147
9fc70243fb26800cba56e8f014797004,30270
9fbd5666d8618fa571c4230fafa09bd6,4360
9f56a7a649097b166d8ed286ad86a15c,21041
9f505651f4a6abe901a56cdc21508025,4102
9f50216bfd01913736a55a11b55ea842,12020
9ef932e837d8b7f392c0bfee9d359dc2,14940
9ed65337433adfbedefd23dd76eaa494,5462
9e9b539eb2806acee3f5c28085c1db9f,32315
9e94fa26a70ede4d26226e918e8706a2,13570
9e7c5f4d7770eab65738cca38f9efccf,2562
9e6967d3cf386d284251784b18ccb485,9550
9e6229250fedbe05838fef417b74e7fb,16800
9e25199f6ef7e7c347120ff175652c3b,12051
9e17b9d64683aebcbb9ee362d06463b4,14020
9df5750209b83567ec144eb299d7d634,93032
9de4643a8dbde634fe55621059d92273,89225
9dda5bbacd45e18d6485fee649205d09,37540
9dd59e43f0c9f0553244e8f9c2fb247e,85851
9dd459b29a14bf89d47183cf2cd0e4c7,4716
9dc79dd988ac42f4d56c340d7048420a,3569
9da1ca0bef29ee170e541927a5aeabdc,15500
9da15f4a4ea758d9eeb49000dbe57e22,6290
9d7a1d34a5052409006425275ba1c2b4,14403
9d69ba0a7a626a64dc5db08e529559cf,14075
9d681c7e12db302cb261e721040dde65,80330
9d5a9018aee56acb367ba9c3f05d1d6a,74930
9d5604a1f112324ad6b2aa552122e0fb,88075
9d4db00d65d7760644ac0c14edb5fd86,18025
9d489893ff6af05029671b785f54b998,13613
9d39404483343dd55c7ae254494d8388,1044
9d213f303afae4983637247556438ede,14940
9cf787a239c1aa29dbd76f153dc13f9a,14403
9cea4682e16655f7da87f406902e989e,83707
9cad4b68bb993ee401a3c5aaa2bc26dd,16200
9c7fd21e0aa159b20da593371f08ff7c,6180
9c690ceacd5c66731bf443ea810195cb,37650
9c57bc60cfad5ee62d35d3f1ce4593a1,81200
9c54608f0996c32ae4743089d915f845,87900
9c4d31c7e46ab03a43fc06e3142afd4e,20785
9c3c24eca51c52b91c1de727d2a2ae06,95020
9c3a1c416c765687bc79a04113269929,35547
9c351405b754cc5ce3e2ecf277bb034a,3134
9c1c0c36cd23c20897e473901a8fb149,11702
9c0e69c7bf2619675bbadf47b43f655a,12230
9c068d10aca38e85c50202e17b4a7e88,79400
9bf11dfc0bec77e5a23028043c3c5a8f,32140
9bcdfa7b615b3abb9461d9e3ad9886ae,89053
9bc484c87d79cd4874e05ca182658045,2422
9baf5cb77970f539089d09a38bcec5c3,13330
9bade61a92bed55a25d2b67b9f4ed739,83005
9b76ad3d04236f76bc71c59470305e13,18550
9b522ba7eae9e1d04082f267144583cc,4843
9b1f656ca3060f8af17a50d8a024b533,11013
9b1ab052f5fca308ba743ac789ebb2e1,85200
9b1585752613ec342d03bbab9997ec48,22745
9b1050e85becf3ae99c1cf4934c9bc5d,39400
9b013e03b2ab786505a1d3b5c0756754,11450
9b00ed88b7fdb95d6ff76e27c1b52d16,8215
9b00cad94ef3078faf6fba2e792c158f,39442
9add47bf45ce8e8c7db6b9cf670b1e09,83830
9ac75591b69c3402684b6ce0310f22ee,2880
9ac4f14370b1e24ddc58be041b7f99df,76330
9aa388272ee334b6ae07bc73706e254a,36886
9a84ba99f5367fdbd4598363496f1ea2,72801
9a208dee8f95cfdf00760c4d627828ec,26125
9a1aea68d3efa00862ec88c0768037d0,15806
9a03a4e9eb0b947652fae4f6121a3f5e,15805
99eaacc9e6046db1c82b163c5f84869f,14400
99cd94252748d2bdde08e17858233602,12401
99a54764c341d5dc80b4a8fac4eba3fb,3273
99a25c39b28a74d1151c35c18d178292,2236
999f6d9a1c7c81f43be44c6b7d076210,5269
9996ae921c50e8dff411ac69c0b4bb8b,17605
994f04b3718c2bab35c2adfa8afecd2a,13912
9906e7aa42a3c067b7c9a564d01c4320,87065
99002261c568a84cce14d43fcffb43ea,78095
98f52e1020fe788c10c0418de4393fec,27963
98e164d549402270247f3c96a1a158ef,5083
98dddbc4601dd4443ca174359b237166,87111
98dac6635aee4995d501a3972e047414,2030
989becdce12ebc39863c2bceab6f3ca1,81730
985c92cc412091f8529c12d7f23d3fef,36300
9853a239ab7b7ebbdc3a21248d5b8e1f,83602
984c273121e743dd14767befe6cb17f5,13474
98115075dd26cb8835946fc6086f5d30,9687
980640c45d7a4635885491d077167e4d,13501
9803a40e82e45418ab7fb84091af5231,75901
97e995629983723d11830a829bc2b246,12604
97e50a621f8e801f4baf69e08687c192,4209
97e4a63591ca439a2b8b7efd20e6e19e,20520
979e9f8b5b39dd243a2550c8b05aecf0,4160
977f9f63dd360c2a32ece2f93ad6d306,14910
97512d3fc193b2d1dfcdba0f9d1f0f8a,8270
974cf2cb8f4b7add98709c30df02fe10,14802
973f21788dfab357250f69a8dcb7ddee,35530
972d0f9cf61b499a4812cf0bfa3ad3c4,88359
96f7c797de9ca20efbe14545bed63eec,14140
96e5dc09087bad639b4ee193104ec2e5,28660
968ee78631915a63fef426d6733d7422,99700
968268a686aa05d1f529fb07dff08130,1530
96804ea39d96eb908e7c3afdb671bb9e,38950
9674754b5a0cb32b638cec001178f799,4438
966cb4760537b1404caedd472cc610a5,9920
964ff64dc05b13811c6d0f41e0aa5f6b,4154
96493fab2fbb13a14d0c0e8772eef5c3,5537
9646c3513289980f17226a2fc4720dbd,12215
961dff0a659b4561334372337dd897d9,21510
9616352088dcf83a7c06637f4ebf1c80,87504
960945e1a9535cbc0cd6ddd35fbe7ae8,8290
95f83f51203c626648c875dd41874c7f,37564
95ec4458365c4d11f452ccf538377619,13481
95e03ca3d4146e4011985981aeb959b9,21210
95cca791657aabeff15a07eb152d7841,85950
95b293867b5862941c9cd74f756a3c68,8223
9599519be538b98748162a2b48248960,5008
9596c870880d900012f2e8e6e30d06d7,37074
9591fc341b1bfb7ef561e2968ec6e011,4456
955fee9216a65b617aa5c0531780ce60,4782
9558aa23f77a9e0a0eca83540999f43b,86801
954e95f20808d7e5d11f0de292d078e0,35930
9539213aa8e023c01937bef95dc006da,3673
9535a841eecebed61a9fb1ac1cbb5597,1208
9523fb39dd240aa958e040f8183d64f3,1541
951e8cef368f09bb3f3d03c00ca4702c,14940
94e93ce877be27a515118dbfd2c2be41,15502
94d76e96eedd976258cd3278ce56d5f2,18132
94ca168e8bcb407ab85c5da308863027,16250
94c49f20a123aeb9360dbf80ff912bf6,18015
94b9108d4b637ba65bb4f1e53cfcf8d8,7221
9485a23c0430ba1d58d359391606fce6,9015
9449f25aeaf531019b76999ea49a6949,21040
94231344608e603693b0a8891143f65d,91520
94165aea8a35c3c21499cbcae239b16c,38412
941554c5757b73ba0e50aa7732310afc,4142
94144541854e298c2d976cb893b81343,94451
93dc87703c046b603023e75222018b45,30315
93bef6edaa84956e8e575016449b6351,3568
93b9a99027bd8bd6af682aff18dd19bf,7600
939f6e231201f26803cb5c3a3d2940b3,17051
939e6227d6964a11a70aa91243e418f2,36408
934ed5cd1b9c1c7382d0a94a94b9e639,81070
933446e9a59dece7ae9175103820ca8f,81730
9315e491484b1b0081ca166fc164108d,86039
92eb0f42c21942b6552362b9b114707d,3504
92d14edfb62ee5ae7fdff70b0f4e7233,9810
92c8bc6e8f925792247656fed09aad65,3384
929f342384a6607afe143d789ade1316,86065
92992bec39dde5766f590d3b1f46d465,4310
9261d76c62caaf0b24677c2ceb7f8f20,88138
921323538c9f1c4e816f2720eac02bea,1319
9200e6ce317b67196b6b0bad4d4bd567,20771
91f848e9f4be368f4318775aac733370,3029
91f5779a8731baca4809fdeade81803f,27321
91f0eec23d4a61d7d7caeefa3f0ad1ca,88704
9198786624eaeb375793215cad26cfa6,89136
918f6fbcf3ab724d805867303e593a1b,13273
918717417d88a9f9ae9735567e6c7682,5547
916c9de0b5ad957346eeeb12f332687e,80240
916748bc99315c2d202898ae58b1617e,18040
91543f9849d68d023e17194926598543,89041
9140ef75cc8211c4035935e80e567204,87015
9140bd1d9de28b197dce077bdd687438,13900
913fd0ebba70bb919f7254a02239173c,89065
910a922b426b7ff95eaee129ad6c0e1f,15025
90d4125885ab6c86e8820a722be71974,6780
90b57083da5d803237da74daec6dcb2b,80730
90b36c5aeb728d5504a39f435bef0c5f,13835
903037660cf848a717166eb7a06d616e,5734
902c99f1ac505c0d18778b61bcd636f7,13840
901b460cdce0c64e471230d7f2f9f3a3,90620
900ba814c251a692506d7834c1218441,13328
8fff28c4263ddec387f28d237fb42773,5594
8ff38bc3969e67c36c48343a07090f66,8260
8ff1a9df749e454105c55cda13e79143,17509
8fec2e460530482132c436cfb5439925,18500
8fe8786ee000001ab51d030dfd4a7bf1,88490
8fdca8e349553f99bc738833a62c8802,2189
8fd3b4468f6425810648177996c14cbd,15015
8fbe2ee446b97e128471be4ce983dc0d,18103
8fbd63429be6d3e5e6d1a709b6464802,9130
8fb791022c1fc8909664f48ab7dc636d,3976
8fb67a334bacec338885b4e9e1708073,85905
8f78f0903005064036736c7173a5c2ed,36325
8f580d36c1e9d6fbce95283403c7d447,14090
8f54d64f28a993550aa7943f12572959,35160
8f2ce03f928b567e3d56181ae20ae952,5141
8f2b51a30523cdecddc2f179f351c7d6,4833
8f119a0aee85c0c8fc534629734e94fd,6440
8f0fbe2cd4d472157dc1cdef6edecaa9,2755
8ed8ea9a57c862f2c18c2fe41f601d56,89030
8ec76bb0965af3f007692b26fa9d6623,88804
8eb88b0acb3f90a717ad659221471fa7,89504
8ea394aed8138685abe1eb9f25e1021d,18053
8e8a7ce9f2f970dc00e2acf6f6e199f6,24710
8e6d7754bc7e0f22c96d255ebda59eba,12233
8e6cc767478edae941d9bd9eb778d77a,38442
8e670472e453ba34a379331513d6aab1,36087
8e4f041ff58e7845456d3482524014b3,90250
8e34331b7eedd03be4e5d965c1956225,4009
8e2b3afb420011ef0c88c9d5f11ea526,13060
8e29d051f810eb22959ede205b462b9f,15131
8dfbc5ff27df12f6cef751d3b9554222,80220
8def3db7f272735afb2ecd03aeca09a7,28035
8de8fe3af4449ed695d2434c933ed73e,1215
8dd386be0767c330276ea6a3f96532d3,88490
8daab2245ebdc277c51098d01c5ad8ef,8411
8d956fec2e4337affcb520f56fd8cbfd,9780
8d92f3ea807b89465643c219455e7369,3052
8d899e15a5925f097cca50faa49b15e3,18131
8d79c8a04e42d722a75097ce5cbcf2ef,61658
8d46553a36e68f95350a200c12f8f2e2,13056
8cf21434553b02cbd37c0bbd07e041b0,88102
8ccf3cf69651cc1d8a02c8bfaf3b8568,13504
8cc6a0e5738e61a87b03c78b2ba9db4b,37795
8cbac7e12637ed9cffa18c7875207478,89254
